{
	"format_version": "1.8.0",
	"animations": {
		"idle": {
			"loop": true,
			"animation_length": 3,
			"bones": {
				"head": {
					"rotation": {
						"0.0": {
							"vector": [12.72074, -9.65594, 4.88702]
						},
						"1.5": {
							"vector": [10.10927, -4.73432, 5.77617]
						},
						"3.0": {
							"vector": [12.72074, -9.65594, 4.88702]
						}
					}
				},
				"body": {
					"rotation": {
						"0.0": {
							"vector": [7.5, 0, 0]
						},
						"1.5": {
							"vector": [4, 0, 0]
						},
						"3.0": {
							"vector": [7.5, 0, 0]
						}
					}
				},
				"left_arm": {
					"rotation": {
						"0.0": {
							"vector": [1.5741, -17.43127, -5.24133]
						},
						"1.5": {
							"vector": [1.08167, -9.9895, -2.49437]
						},
						"3.0": {
							"vector": [1.5741, -17.43127, -5.24133]
						}
					}
				},
				"right_arm": {
					"rotation": {
						"0.0": {
							"vector": [3.88714, 27.24513, 8.44236]
						},
						"1.5": {
							"vector": [1.1212, 17.27134, 7.73314]
						},
						"3.0": {
							"vector": [3.88714, 27.24513, 8.44236]
						}
					}
				},
				"left_leg": {
					"rotation": {
						"0.0": {
							"vector": [-1.65693, -9.31047, -5.02346]
						},
						"1.5": {
							"vector": [7.84507, -5.06283, 0.67395]
						},
						"3.0": {
							"vector": [-1.65693, -9.31047, -5.02346]
						}
					},
					"position": {
						"vector": [0, 0, 1]
					}
				},
				"right_leg": {
					"rotation": {
						"0.0": {
							"vector": [8.50762, 42.44141, 9.839]
						},
						"1.5": {
							"vector": [5.10157, 45.33974, 4.71992]
						},
						"3.0": {
							"vector": [8.50762, 42.44141, 9.839]
						}
					},
					"position": {
						"vector": [0, 0, 1]
					}
				},
				"rope": {
					"rotation": {
						"0.0": {
							"vector": [0, 0, 0]
						},
						"1.5": {
							"vector": [1, -2.5, 0]
						},
						"3.0": {
							"vector": [0, 0, 0]
						}
					}
				},
				"nameless": {
					"position": {
						"0.0": {
							"vector": [0, 5, 0]
						},
						"1.5": {
							"vector": [0, 6, 0]
						},
						"3.0": {
							"vector": [0, 5, 0]
						}
					}
				}
			}
		}
	}
}