{
	"format_version": "1.8.0",
	"animations": {
		"crawl": {
			"loop": true,
			"animation_length": 4,
			"bones": {
				"staff": {
					"scale": {
						"vector": [0, 0, 0]
					}
				},
				"right_arm": {
					"rotation": {
						"0.0": {
							"vector": [-93.57, 46.1002, 175.25911]
						},
						"0.5": {
							"vector": [-70.24298, 32.65323, 177.74394]
						},
						"1.0": {
							"vector": [-87.26109, 24.20007, 187.0684]
						},
						"1.25": {
							"vector": [-94.76, 24.2, 187.07]
						},
						"2.0": {
							"vector": [-87.26109, 24.20007, 187.0684]
						},
						"2.7083": {
							"vector": [-70.24298, 32.65323, 177.74394]
						},
						"3.2917": {
							"vector": [-93.57, 46.1002, 175.25911]
						},
						"3.6667": {
							"vector": [-93.2851, 50.1091, 175.6718]
						},
						"4.0": {
							"vector": [-93.57, 46.1002, 175.25911]
						}
					},
					"position": {
						"0.0": {
							"vector": [18, -39, -8]
						},
						"1.0": {
							"vector": [18, -39, -8]
						},
						"1.5": {
							"vector": [18, -39, -9]
						},
						"2.0": {
							"vector": [18, -39, -8]
						},
						"3.2917": {
							"vector": [18, -39, -8]
						}
					}
				},
				"left_arm": {
					"rotation": {
						"0.0": {
							"vector": [-85.99524, -29.49707, -183.21713]
						},
						"1.25": {
							"vector": [-88.5, -29.5, -183.22]
						},
						"1.7917": {
							"vector": [-46.42382, -13.72877, -185.85018]
						},
						"2.3333": {
							"vector": [-91.22658, -5.29469, -176.12456]
						},
						"3.0": {
							"vector": [-83.72658, -5.29469, -176.12456]
						},
						"3.5": {
							"vector": [-46.42382, -13.72877, -185.85018]
						},
						"4.0": {
							"vector": [-85.99524, -29.49707, -183.21713]
						}
					},
					"position": {
						"0.0": {
							"vector": [-18, -41, -8]
						},
						"1.25": {
							"vector": [-18, -41, -9]
						},
						"2.3333": {
							"vector": [-18, -41, -9]
						},
						"3.0": {
							"vector": [-18, -41, -8]
						}
					}
				},
				"head": {
					"rotation": {
						"0.0": {
							"vector": [-14.58943, -23.57105, -56.94013]
						},
						"1.7917": {
							"vector": [-30.09468, -4.32875, 2.50477]
						},
						"2.3333": {
							"vector": [-28.93, -2.39, 1.38]
						},
						"3.0": {
							"vector": [-27.5, 0, 0]
						},
						"3.5": {
							"vector": [-24.26701, -13.34855, -27.11771]
						},
						"4.0": {
							"vector": [-14.58943, -23.57105, -56.94013]
						}
					},
					"position": {
						"0.0": {
							"vector": [-2, -39, -18]
						},
						"0.5": {
							"vector": [-3, -38, -17]
						},
						"1.0": {
							"vector": [-4.33, -38, -18]
						},
						"1.4167": {
							"vector": [-2, -38, -18]
						},
						"1.7917": {
							"vector": [-1, -39, -19]
						},
						"2.3333": {
							"vector": [0.5, -39, -19]
						},
						"3.0": {
							"vector": [2, -38, -18]
						},
						"3.5": {
							"vector": [0, -38, -18]
						},
						"4.0": {
							"vector": [-2, -39, -18]
						}
					}
				},
				"jaw": {
					"rotation": {
						"0.0": {
							"vector": [17.20945, 9.78923, 15.77553]
						},
						"1.0": {
							"vector": [54.71, 9.79, 15.78]
						},
						"2.0": {
							"vector": [4.64452, 2.31413, 15.161]
						},
						"3.0": {
							"vector": [27.21, 9.79, 15.78]
						},
						"4.0": {
							"vector": [17.20945, 9.78923, 15.77553]
						}
					},
					"position": {
						"0.0": {
							"vector": [1, 0, 0]
						},
						"1.0": {
							"vector": [1, 0, 1]
						},
						"2.0": {
							"vector": [1, 0, 0]
						}
					}
				},
				"hood2": {
					"scale": {
						"vector": [0, 0, 0]
					}
				},
				"torso": {
					"rotation": {
						"0.0": {
							"vector": [52.5, 0, 0]
						},
						"1.0": {
							"vector": [52.5, 4.53051, -2.11751]
						},
						"2.0": {
							"vector": [55, 0, 0]
						},
						"3.0": {
							"vector": [52.5, -4.53051, 2.11751]
						},
						"4.0": {
							"vector": [52.5, 0, 0]
						}
					},
					"position": {
						"0.0": {
							"vector": [0, -20, 0]
						},
						"1.25": {
							"vector": [0, -20, 0]
						},
						"1.7917": {
							"vector": [0, -20, -1]
						},
						"2.3333": {
							"vector": [0, -20, -1]
						},
						"3.0": {
							"vector": [0, -20, 0]
						}
					}
				},
				"hood": {
					"scale": {
						"vector": [0, 0, 0]
					}
				},
				"hood3": {
					"scale": {
						"vector": [0, 0, 0]
					}
				},
				"hood4": {
					"scale": {
						"vector": [0, 0, 0]
					}
				},
				"lower": {
					"rotation": {
						"vector": [-17.5, 0, 0]
					},
					"position": {
						"vector": [0, 0, 7]
					}
				},
				"lower2": {
					"rotation": {
						"vector": [-22.5, 0, 0]
					},
					"position": {
						"vector": [0, -2, 9]
					}
				},
				"lower_spine": {
					"rotation": {
						"vector": [0, -180, 0]
					},
					"position": {
						"vector": [0, 0.5, 18]
					}
				},
				"lowest_spine": {
					"rotation": {
						"0.0": {
							"vector": [0, 0, 0]
						},
						"1.0": {
							"vector": [-25, 0, 0]
						},
						"2.0": {
							"vector": [0, 0, 0]
						},
						"3.0": {
							"vector": [-25, 0, 0]
						},
						"4.0": {
							"vector": [0, 0, 0]
						}
					},
					"position": {
						"0.0": {
							"vector": [0, 0, 0]
						},
						"1.0": {
							"vector": [0, 5, -6]
						},
						"2.0": {
							"vector": [0, 0, 0]
						},
						"3.0": {
							"vector": [0, 5, -6]
						},
						"4.0": {
							"vector": [0, 0, 0]
						}
					}
				}
			}
		},
		"summon": {
			"loop": true,
			"animation_length": 4,
			"bones": {
				"staff": {
					"rotation": {
						"0.0": {
							"vector": [-50, 0, 0]
						},
						"2.0": {
							"vector": [-50, 180, 0]
						},
						"4.0": {
							"vector": [-50, 360, 0]
						}
					},
					"position": {
						"0.0": {
							"vector": [-15, 14, -44]
						},
						"2.0": {
							"vector": [-15, 39, -44]
						},
						"4.0": {
							"vector": [-15, 14, -44]
						}
					}
				},
				"right_arm": {
					"rotation": {
						"0.0": {
							"vector": [-98.3354, 32.60721, 13.56473]
						},
						"1.0": {
							"vector": [-102.59717, 36.22838, 28.08246]
						},
						"2.0": {
							"vector": [-98.3354, 32.60721, 13.56473]
						},
						"3.0": {
							"vector": [-102.59717, 36.22838, 28.08246]
						},
						"4.0": {
							"vector": [-98.3354, 32.60721, 13.56473]
						}
					},
					"position": {
						"0.0": {
							"vector": [0, -2, 0]
						},
						"1.0": {
							"vector": [0, -2, 0]
						},
						"3.0": {
							"vector": [0, -2, 0]
						}
					}
				},
				"left_arm": {
					"rotation": {
						"0.0": {
							"vector": [-100, -25, 0]
						},
						"1.0": {
							"vector": [-96.2988, -28.26789, -19.25598]
						},
						"2.0": {
							"vector": [-100, -25, 0]
						},
						"3.0": {
							"vector": [-96.2988, -28.26789, -19.25598]
						},
						"4.0": {
							"vector": [-100, -25, 0]
						}
					},
					"position": {
						"vector": [0, -2, 0]
					}
				},
				"jaw": {
					"rotation": {
						"0.0": {
							"vector": [0, 0, 0]
						},
						"0.375": {
							"vector": [7.5, 0, 0]
						},
						"0.5": {
							"vector": [0, 0, 0]
						},
						"0.75": {
							"vector": [-7.5, 0, 0]
						},
						"1.0": {
							"vector": [0, 0, 0]
						},
						"1.25": {
							"vector": [7.5, 0, 0]
						},
						"1.625": {
							"vector": [0, 0, 0]
						},
						"1.75": {
							"vector": [7.5, 0, 0]
						},
						"2.0": {
							"vector": [0, 0, 0]
						},
						"2.3333": {
							"vector": [7.5, 0, 0]
						},
						"2.5": {
							"vector": [0, 0, 0]
						},
						"2.75": {
							"vector": [-7.5, 0, 0]
						},
						"3.0": {
							"vector": [0, 0, 0]
						},
						"3.2083": {
							"vector": [7.5, 0, 0]
						},
						"3.625": {
							"vector": [0, 0, 0]
						},
						"3.75": {
							"vector": [7.5, 0, 0]
						},
						"4.0": {
							"vector": [0, 0, 0]
						}
					}
				},